Product Name,Product Price,Image File Names
Abbot Barstool,165.00,"Abbot Barstool 1.jpg, Abbot Barstool 2.jpg, Abbot Barstool 3.jpg, Abbot Barstool 4.jpg, Abbot Barstool 5.jpg, Abbot Barstool 6.jpg"
Abbot Dining Chair Set,185.00,"Abbot Dining Chair Set 1.jpg, Abbot Dining Chair Set 2.jpg, Abbot Dining Chair Set 3.jpg, Abbot Dining Chair Set 4.jpg, Abbot Dining Chair Set 5.jpg"
Acacia Loveseat + Club Chair Patio Set,485.00,"Acacia Loveseat + Club Chair Patio Set 1.jpg, Acacia Loveseat + Club Chair Patio Set 10.jpg, Acacia Loveseat + Club Chair Patio Set 11.jpg, Acacia Loveseat + Club Chair Patio Set 12.jpg, Acacia Loveseat + Club Chair Patio Set 2.jpg, Acacia Loveseat + Club Chair Patio Set 3.jpg, Acacia Loveseat + Club Chair Patio Set 4.jpg, Acacia Loveseat + Club Chair Patio Set 5.jpg, Acacia Loveseat + Club Chair Patio Set 6.jpg, Acacia Loveseat + Club Chair Patio Set 7.jpg, Acacia Loveseat + Club Chair Patio Set 8.jpg, Acacia Loveseat + Club Chair Patio Set 9.jpg"
Acacia Patio Lounge Set,715.00,"Acacia Patio Lounge Set 1.jpg, Acacia Patio Lounge Set 10.jpg, Acacia Patio Lounge Set 11.jpg, Acacia Patio Lounge Set 12.jpg, Acacia Patio Lounge Set 13.jpg, Acacia Patio Lounge Set 14.jpg, Acacia Patio Lounge Set 15.jpg, Acacia Patio Lounge Set 16.jpg, Acacia Patio Lounge Set 17.jpg, Acacia Patio Lounge Set 18.jpg, Acacia Patio Lounge Set 19.jpg, Acacia Patio Lounge Set 2.jpg, Acacia Patio Lounge Set 20.jpg, Acacia Patio Lounge Set 21.jpg, Acacia Patio Lounge Set 22.jpg, Acacia Patio Lounge Set 3.jpg, Acacia Patio Lounge Set 4.jpg, Acacia Patio Lounge Set 5.jpg, Acacia Patio Lounge Set 6.jpg, Acacia Patio Lounge Set 7.jpg, Acacia Patio Lounge Set 8.jpg, Acacia Patio Lounge Set 9.jpg"
Aero Mesh Outdoor Set,285.00,Aero Mesh Outdoor Set 1.jpg
Aire Modular Sofa,2395.00,"Aire Modular Sofa 1.jpg, Aire Modular Sofa 10.jpg, Aire Modular Sofa 11.jpg, Aire Modular Sofa 12.jpg, Aire Modular Sofa 13.jpg, Aire Modular Sofa 14.jpg, Aire Modular Sofa 15.jpg, Aire Modular Sofa 16.jpg, Aire Modular Sofa 17.jpg, Aire Modular Sofa 18.jpg, Aire Modular Sofa 2.jpg, Aire Modular Sofa 3.jpg, Aire Modular Sofa 4.jpg, Aire Modular Sofa 5.jpg, Aire Modular Sofa 6.jpg, Aire Modular Sofa 7.jpg, Aire Modular Sofa 8.jpg, Aire Modular Sofa 9.jpg"
Airfield Task Chair,995.00,"Airfield Task Chair 1.jpg, Airfield Task Chair 2.jpg, Airfield Task Chair 3.jpg, Airfield Task Chair 4.jpg"
Alfred Midcentury Desk,1075.00,"Alfred Midcentury Desk 1.webp, Alfred Midcentury Desk 2.webp"
Alonso Burl Wood Desk,2345.00,Alonso Burl Wood Desk 1.webp
Altar Chair,815.00,"Altar Chair 1.jpg, Altar Chair 10.png, Altar Chair 11.png, Altar Chair 12.png, Altar Chair 13.png, Altar Chair 14.png, Altar Chair 15.png, Altar Chair 16.png, Altar Chair 17.png, Altar Chair 18.png, Altar Chair 19.png, Altar Chair 2.png, Altar Chair 20.png, Altar Chair 21.png, Altar Chair 22.png, Altar Chair 23.png, Altar Chair 24.png, Altar Chair 25.png, Altar Chair 3.png, Altar Chair 4.png, Altar Chair 5.png, Altar Chair 6.png, Altar Chair 7.png, Altar Chair 8.png, Altar Chair 9.png"
Alto Sofa,3220.00,Alto Sofa 1.jpg
Aluminum Patio 2-Seat Sofa,945.00,"Aluminum Patio 2-Seat Sofa 1.jpg, Aluminum Patio 2-Seat Sofa 2.jpg, Aluminum Patio 2-Seat Sofa 3.jpg"
Aluminum Patio 3-Seat Sofa,1345.00,"Aluminum Patio 3-Seat Sofa 1.jpg, Aluminum Patio 3-Seat Sofa 2.jpg, Aluminum Patio 3-Seat Sofa 3.jpg, Aluminum Patio 3-Seat Sofa 4.jpg"
Aluminum Patio Armchair,650.00,"Aluminum Patio Armchair 1.jpg, Aluminum Patio Armchair 2.jpg, Aluminum Patio Armchair 3.jpg"
Aluminum Patio Chaise,1145.00,"Aluminum Patio Chaise 1.jpg, Aluminum Patio Chaise 2.jpg, Aluminum Patio Chaise 3.jpg, Aluminum Patio Chaise 4.jpg, Aluminum Patio Chaise 5.jpg, Aluminum Patio Chaise 6.jpg, Aluminum Patio Chaise 7.jpg"
Aluminum Patio Coffee Table,545.00,"Aluminum Patio Coffee Table 1.jpg, Aluminum Patio Coffee Table 2.jpg, Aluminum Patio Coffee Table 3.jpg, Aluminum Patio Coffee Table 4.jpg"
Aluminum Patio One-Arm Sofa,945.00,"Aluminum Patio One-Arm Sofa 1.jpg, Aluminum Patio One-Arm Sofa 2.jpg, Aluminum Patio One-Arm Sofa 3.jpg, Aluminum Patio One-Arm Sofa 4.jpg, Aluminum Patio One-Arm Sofa 5.jpg, Aluminum Patio One-Arm Sofa 6.jpg, Aluminum Patio One-Arm Sofa 7.jpg"
Aluminum Patio Ottoman,345.00,"Aluminum Patio Ottoman 1.jpg, Aluminum Patio Ottoman 2.jpg, Aluminum Patio Ottoman 3.jpg, Aluminum Patio Ottoman 4.jpg, Aluminum Patio Ottoman 5.jpg"
Aluminum Patio Side Table,345.00,"Aluminum Patio Side Table 1.jpg, Aluminum Patio Side Table 2.jpg, Aluminum Patio Side Table 3.jpg, Aluminum Patio Side Table 4.jpg, Aluminum Patio Side Table 5.jpg"
Angle Chair,275.00,"Angle Chair 1.jpg, Angle Chair 2.jpg, Angle Chair 3.jpg, Angle Chair 4.jpg, Angle Chair 5.jpg"
Arc Chair,395.00,"Arc Chair 1.jpg, Arc Chair 2.jpg"
Arc Upholstered Bed Frame,1120.00,"Arc Upholstered Bed Frame 1.jpg, Arc Upholstered Bed Frame 10.jpg, Arc Upholstered Bed Frame 11.jpg, Arc Upholstered Bed Frame 12.jpg, Arc Upholstered Bed Frame 2.jpg, Arc Upholstered Bed Frame 3.jpg, Arc Upholstered Bed Frame 4.jpg, Arc Upholstered Bed Frame 5.jpg, Arc Upholstered Bed Frame 6.jpg, Arc Upholstered Bed Frame 7.jpg, Arc Upholstered Bed Frame 8.jpg, Arc Upholstered Bed Frame 9.jpg"
Archibald Armchair,1085.00,"Archibald Armchair 1.jpg, Archibald Armchair 10.png, Archibald Armchair 11.png, Archibald Armchair 12.png, Archibald Armchair 13.png, Archibald Armchair 14.png, Archibald Armchair 15.png, Archibald Armchair 16.png, Archibald Armchair 17.png, Archibald Armchair 18.png, Archibald Armchair 19.png, Archibald Armchair 2.jpg, Archibald Armchair 20.png, Archibald Armchair 21.png, Archibald Armchair 22.png, Archibald Armchair 3.jpg, Archibald Armchair 4.jpg, Archibald Armchair 5.png, Archibald Armchair 6.png, Archibald Armchair 7.png, Archibald Armchair 8.png, Archibald Armchair 9.png"
Archie Pouf,485.00,Archie Pouf 1.webp
Arcus Travertine Coffee Table,1395.00,"Arcus Travertine Coffee Table 1.jpg, Arcus Travertine Coffee Table 2.jpg"
Arcus Travertine Side Table,745.00,Arcus Travertine Side Table 1.jpg
Arno Sofa,2031.00,Arno Sofa 1.jpg
Atelier Desk,1020.00,"Atelier Desk 1.jpg, Atelier Desk 2.jpg, Atelier Desk 3.jpg, Atelier Desk 4.jpg, Atelier Desk 5.jpg, Atelier Desk 6.jpg, Atelier Desk 7.jpg, Atelier Desk 8.jpg"
Axis Bookcase,2995.00,Axis Bookcase 1.jpg
Axis Chair,850.00,"Axis Chair 1.jpg, Axis Chair 10.png, Axis Chair 11.png, Axis Chair 12.png, Axis Chair 13.png, Axis Chair 14.png, Axis Chair 15.png, Axis Chair 16.png, Axis Chair 17.png, Axis Chair 18.png, Axis Chair 19.png, Axis Chair 2.jpg, Axis Chair 20.png, Axis Chair 21.png, Axis Chair 22.png, Axis Chair 23.png, Axis Chair 24.png, Axis Chair 25.png, Axis Chair 26.png, Axis Chair 27.png, Axis Chair 28.png, Axis Chair 29.png, Axis Chair 3.png, Axis Chair 4.png, Axis Chair 5.png, Axis Chair 6.png, Axis Chair 7.png, Axis Chair 8.png, Axis Chair 9.png"
Azienda Square Dining Table,125.00,"Azienda Square Dining Table 1.jpg, Azienda Square Dining Table 2.jpg, Azienda Square Dining Table 3.jpg"
Ball Clock,95.00,"Ball Clock 1.jpg, Ball Clock 2.jpg, Ball Clock 3.jpg, Ball Clock 4.jpg, Ball Clock 5.jpg, Ball Clock 6.jpg"
Bambole Sofa,3980.00,Bambole Sofa 1.jpg
Barcelona Chair,695.00,"Barcelona Chair 1.jpg, Barcelona Chair 10.jpg, Barcelona Chair 11.jpg, Barcelona Chair 12.jpg, Barcelona Chair 13.jpg, Barcelona Chair 2.jpg, Barcelona Chair 3.jpg, Barcelona Chair 4.jpg, Barcelona Chair 5.jpg, Barcelona Chair 6.jpg, Barcelona Chair 7.jpg, Barcelona Chair 8.jpg, Barcelona Chair 9.jpg"
Barcelona Day Bed,1285.00,"Barcelona Day Bed 1.jpg, Barcelona Day Bed 2.jpg, Barcelona Day Bed 3.jpg, Barcelona Day Bed 4.jpg, Barcelona Day Bed 5.jpg"
Baretto Armchair,1200.00,Baretto Armchair 1.jpg
Bauhaus Media Stand,295.00,"Bauhaus Media Stand 1.jpg, Bauhaus Media Stand 10.jpg, Bauhaus Media Stand 11.jpg, Bauhaus Media Stand 12.jpg, Bauhaus Media Stand 2.jpg, Bauhaus Media Stand 3.jpg, Bauhaus Media Stand 4.jpg, Bauhaus Media Stand 5.jpg, Bauhaus Media Stand 6.jpg, Bauhaus Media Stand 7.jpg, Bauhaus Media Stand 8.jpg, Bauhaus Media Stand 9.jpg"
Bello Chair,595.00,Bello Chair 1.jpg
Binfare Upholstered Bedframe,3850.00,Binfare Upholstered Bedframe 1.jpg
Black Rattan Patio Lounge Set,695.00,"Black Rattan Patio Lounge Set 1.jpg, Black Rattan Patio Lounge Set 10.jpg, Black Rattan Patio Lounge Set 11.jpg, Black Rattan Patio Lounge Set 2.jpg, Black Rattan Patio Lounge Set 3.jpg, Black Rattan Patio Lounge Set 4.jpg, Black Rattan Patio Lounge Set 5.jpg, Black Rattan Patio Lounge Set 6.jpg, Black Rattan Patio Lounge Set 7.jpg, Black Rattan Patio Lounge Set 8.jpg, Black Rattan Patio Lounge Set 9.jpg"
Bobo Lounge Chair and Ottoman,3265.00,"Bobo Lounge Chair and Ottoman 1.jpg, Bobo Lounge Chair and Ottoman 2.jpg"
Boucle Dining Chair Set,165.00,"Boucle Dining Chair Set 1.jpg, Boucle Dining Chair Set 2.jpg"
Brevik Armchair,165.00,"Brevik Armchair 1.jpg, Brevik Armchair 2.jpg"
Caned Counter Stool Set,725.00,Caned Counter Stool Set 1.jpg
Capsule Coffee Table,225.00,Capsule Coffee Table 1.jpg
Carbone Concrete Fire Pit,745.00,"Carbone Concrete Fire Pit 1.jpg, Carbone Concrete Fire Pit 2.jpg, Carbone Concrete Fire Pit 3.jpg, Carbone Concrete Fire Pit 4.jpg, Carbone Concrete Fire Pit 5.jpg, Carbone Concrete Fire Pit 6.jpg, Carbone Concrete Fire Pit 7.jpg, Carbone Concrete Fire Pit 8.jpg"
Cenere Travertine Coffee Table,1045.00,"Cenere Travertine Coffee Table 1.jpg, Cenere Travertine Coffee Table 2.jpg, Cenere Travertine Coffee Table 3.jpg, Cenere Travertine Coffee Table 4.jpg"
Cercle Dining Table,325.00,Cercle Dining Table 1.jpg
Chaise Lounge,995.00,"Chaise Lounge 1.jpg, Chaise Lounge 2.jpg, Chaise Lounge 3.jpg, Chaise Lounge 4.jpg, Chaise Lounge 5.jpg, Chaise Lounge 6.jpg, Chaise Lounge 7.jpg"
Charles Coat Rack,85.00,"Charles Coat Rack 1.jpg, Charles Coat Rack 2.jpg, Charles Coat Rack 3.jpg, Charles Coat Rack 4.jpg, Charles Coat Rack 5.jpg, Charles Coat Rack 6.jpg, Charles Coat Rack 7.jpg"
Cherry Metal Coffee Table,255.00,Cherry Metal Coffee Table 1.jpg
Chrome Side Table,695.00,Chrome Side Table 1.jpg
Ciot Floor Lamp,985.00,"Ciot Floor Lamp 1.jpg, Ciot Floor Lamp 2.jpg, Ciot Floor Lamp 3.jpg, Ciot Floor Lamp 4.jpg"
Cloud Chair,795.00,Cloud Chair 1.jpg
Coda Sofa,4525.00,"Coda Sofa 1.jpg, Coda Sofa 2.jpg"
Command Chair,695.00,"Command Chair 1.jpg, Command Chair 10.png, Command Chair 11.png, Command Chair 12.png, Command Chair 13.png, Command Chair 14.png, Command Chair 15.png, Command Chair 16.png, Command Chair 17.png, Command Chair 18.png, Command Chair 19.png, Command Chair 2.jpg, Command Chair 20.png, Command Chair 21.png, Command Chair 22.png, Command Chair 23.png, Command Chair 24.png, Command Chair 25.png, Command Chair 26.png, Command Chair 27.png, Command Chair 28.png, Command Chair 29.png, Command Chair 3.png, Command Chair 4.png, Command Chair 5.png, Command Chair 6.png, Command Chair 7.png, Command Chair 8.png, Command Chair 9.png"
Compartment Side Table,95.00,"Compartment Side Table 1.jpg, Compartment Side Table 10.jpg, Compartment Side Table 11.jpg, Compartment Side Table 12.jpg, Compartment Side Table 13.jpg, Compartment Side Table 14.jpg, Compartment Side Table 15.jpg, Compartment Side Table 16.jpg, Compartment Side Table 17.jpg, Compartment Side Table 18.jpg, Compartment Side Table 19.jpg, Compartment Side Table 2.jpg, Compartment Side Table 20.jpg, Compartment Side Table 21.jpg, Compartment Side Table 22.jpg, Compartment Side Table 23.jpg, Compartment Side Table 24.jpg, Compartment Side Table 25.jpg, Compartment Side Table 26.jpg, Compartment Side Table 27.jpg, Compartment Side Table 3.jpg, Compartment Side Table 4.jpg, Compartment Side Table 5.jpg, Compartment Side Table 6.jpg, Compartment Side Table 7.jpg, Compartment Side Table 8.jpg, Compartment Side Table 9.jpg"
Cortado Sofa,3495.00,Cortado Sofa 1.jpg
Courbe Dining Chair Set,235.00,"Courbe Dining Chair Set 1.jpg, Courbe Dining Chair Set 2.jpg, Courbe Dining Chair Set 3.jpg, Courbe Dining Chair Set 4.jpg"
Cove Armchair,225.00,Cove Armchair 1.jpg
Crescent Sofa,2060.00,"Crescent Sofa 1.jpg, Crescent Sofa 10.jpg, Crescent Sofa 11.jpg, Crescent Sofa 12.jpg, Crescent Sofa 13.jpg, Crescent Sofa 14.jpg, Crescent Sofa 15.jpg, Crescent Sofa 16.jpg, Crescent Sofa 17.jpg, Crescent Sofa 18.jpg, Crescent Sofa 19.jpg, Crescent Sofa 2.jpg, Crescent Sofa 20.jpg, Crescent Sofa 21.jpg, Crescent Sofa 22.jpg, Crescent Sofa 23.jpg, Crescent Sofa 24.jpg, Crescent Sofa 25.jpg, Crescent Sofa 3.jpg, Crescent Sofa 4.jpg, Crescent Sofa 5.jpg, Crescent Sofa 6.jpg, Crescent Sofa 7.jpg, Crescent Sofa 8.jpg, Crescent Sofa 9.jpg"
Círculo Acacia Wood Patio Table,375.00,"Círculo Acacia Wood Patio Table 1.jpg, Círculo Acacia Wood Patio Table 2.jpg, Círculo Acacia Wood Patio Table 3.jpg, Círculo Acacia Wood Patio Table 4.jpg, Círculo Acacia Wood Patio Table 5.jpg"
Daiki Armchair,795.00,Daiki Armchair 1.jpg
Dark Matter Wall Mirror,445.00,Dark Matter Wall Mirror 1.jpg
Dedalo Nightstand,375.00,"Dedalo Nightstand 1.webp, Dedalo Nightstand 2.webp, Dedalo Nightstand 3.webp"
Dedar Upholstered Stool,478.00,Dedar Upholstered Stool 1.jpg
Dining Bench,125.00,"Dining Bench 1.jpg, Dining Bench 10.jpg, Dining Bench 11.jpg, Dining Bench 2.jpg, Dining Bench 3.jpg, Dining Bench 4.jpg, Dining Bench 5.jpg, Dining Bench 6.jpg, Dining Bench 7.jpg, Dining Bench 8.jpg, Dining Bench 9.jpg"
Dining Chair,125.00,"Dining Chair 1.jpg, Dining Chair 2.jpg, Dining Chair 3.jpg, Dining Chair 4.jpg, Dining Chair 5.jpg, Dining Chair 6.jpg, Dining Chair 7.jpg, Dining Chair 8.jpg"
Dossier Chair,685.00,"Dossier Chair 1.jpg, Dossier Chair 2.jpg, Dossier Chair 3.jpg, Dossier Chair 4.png"
Drift Chair,1295.00,"Drift Chair 1.png, Drift Chair 2.png, Drift Chair 3.png, Drift Chair 4.png, Drift Chair 5.png, Drift Chair 6.png, Drift Chair 7.png"
Earth Sober Wall Lamp,95.00,"Earth Sober Wall Lamp 1.jpg, Earth Sober Wall Lamp 2.jpg"
Easy Chair,395.00,"Easy Chair 1.jpg, Easy Chair 2.png, Easy Chair 3.png"
Easy Leather Office Chair,550.00,"Easy Leather Office Chair 1.jpg, Easy Leather Office Chair 2.jpg, Easy Leather Office Chair 3.jpg, Easy Leather Office Chair 4.jpg, Easy Leather Office Chair 5.jpg, Easy Leather Office Chair 6.jpg, Easy Leather Office Chair 7.jpg, Easy Leather Office Chair 8.jpg, Easy Leather Office Chair 9.jpg"
Egg Chair,995.00,"Egg Chair 1.jpg, Egg Chair 10.png, Egg Chair 11.png, Egg Chair 12.png, Egg Chair 13.png, Egg Chair 14.png, Egg Chair 15.png, Egg Chair 16.png, Egg Chair 2.jpg, Egg Chair 3.jpg, Egg Chair 4.png, Egg Chair 5.png, Egg Chair 6.png, Egg Chair 7.png, Egg Chair 8.png, Egg Chair 9.png"
Elbow Chair,425.00,Elbow Chair 1.jpg
End Table,95.00,"End Table 1.jpg, End Table 2.jpg, End Table 3.jpg, End Table 4.jpg, End Table 5.jpg, End Table 6.jpg"
Enetri Bookshelf,355.00,"Enetri Bookshelf 1.jpg, Enetri Bookshelf 10.jpg, Enetri Bookshelf 11.jpg, Enetri Bookshelf 12.jpg, Enetri Bookshelf 2.jpg, Enetri Bookshelf 3.jpg, Enetri Bookshelf 4.jpg, Enetri Bookshelf 5.jpg, Enetri Bookshelf 6.jpg, Enetri Bookshelf 7.jpg, Enetri Bookshelf 8.jpg, Enetri Bookshelf 9.jpg"
Ergonomic Office Chair,715.00,Ergonomic Office Chair 1.jpg
Esco Bar Stool,685.00,"Esco Bar Stool 1.jpg, Esco Bar Stool 2.jpg"
Esco Dining Chair,675.00,"Esco Dining Chair 1.jpg, Esco Dining Chair 2.jpg"
Espejo Ottoman,495.00,Espejo Ottoman 1.jpg
Essential Office Chair,245.00,"Essential Office Chair 1.jpg, Essential Office Chair 2.jpg, Essential Office Chair 3.jpg, Essential Office Chair 4.jpg"
Estate Sofa,3495.00,"Estate Sofa 1.jpg, Estate Sofa 10.jpg, Estate Sofa 11.jpg, Estate Sofa 12.jpg, Estate Sofa 13.jpg, Estate Sofa 14.jpg, Estate Sofa 15.jpg, Estate Sofa 16.jpg, Estate Sofa 17.jpg, Estate Sofa 18.jpg, Estate Sofa 19.jpg, Estate Sofa 2.jpg, Estate Sofa 20.jpg, Estate Sofa 21.jpg, Estate Sofa 22.jpg, Estate Sofa 23.jpg, Estate Sofa 24.jpg, Estate Sofa 25.jpg, Estate Sofa 26.jpg, Estate Sofa 3.jpg, Estate Sofa 4.jpg, Estate Sofa 5.jpg, Estate Sofa 6.jpg, Estate Sofa 7.jpg, Estate Sofa 8.jpg, Estate Sofa 9.jpg"
Executive Leather Office Chair,495.00,"Executive Leather Office Chair 1.jpg, Executive Leather Office Chair 10.jpg, Executive Leather Office Chair 11.jpg, Executive Leather Office Chair 12.jpg, Executive Leather Office Chair 13.jpg, Executive Leather Office Chair 14.jpg, Executive Leather Office Chair 15.jpg, Executive Leather Office Chair 2.jpg, Executive Leather Office Chair 3.jpg, Executive Leather Office Chair 4.jpg, Executive Leather Office Chair 5.jpg, Executive Leather Office Chair 6.jpg, Executive Leather Office Chair 7.jpg, Executive Leather Office Chair 8.jpg, Executive Leather Office Chair 9.jpg"
Expandable Oak Dining Table,525.00,"Expandable Oak Dining Table 1.jpg, Expandable Oak Dining Table 2.jpg, Expandable Oak Dining Table 3.jpg, Expandable Oak Dining Table 4.jpg, Expandable Oak Dining Table 5.jpg"
Fardos Sofa,995.00,"Fardos Sofa 1.jpg, Fardos Sofa 2.jpg, Fardos Sofa 3.jpg"
File Cabinet,185.00,"File Cabinet 1.jpg, File Cabinet 10.jpg, File Cabinet 2.jpg, File Cabinet 3.jpg, File Cabinet 4.jpg, File Cabinet 5.jpg, File Cabinet 6.jpg, File Cabinet 7.jpg, File Cabinet 8.jpg, File Cabinet 9.jpg"
Fireside Chair,275.00,"Fireside Chair 1.png, Fireside Chair 10.png, Fireside Chair 11.png, Fireside Chair 12.jpg, Fireside Chair 13.png, Fireside Chair 14.jpg, Fireside Chair 15.jpg, Fireside Chair 16.png, Fireside Chair 17.png, Fireside Chair 18.jpg, Fireside Chair 19.jpg, Fireside Chair 2.jpg, Fireside Chair 20.jpg, Fireside Chair 21.png, Fireside Chair 22.png, Fireside Chair 23.png, Fireside Chair 24.png, Fireside Chair 25.png, Fireside Chair 26.png, Fireside Chair 27.png, Fireside Chair 28.png, Fireside Chair 29.png, Fireside Chair 3.jpg, Fireside Chair 30.png, Fireside Chair 31.png, Fireside Chair 32.png, Fireside Chair 33.png, Fireside Chair 34.png, Fireside Chair 35.png, Fireside Chair 36.png, Fireside Chair 37.png, Fireside Chair 38.png, Fireside Chair 39.png, Fireside Chair 4.png, Fireside Chair 40.png, Fireside Chair 41.png, Fireside Chair 42.png, Fireside Chair 43.png, Fireside Chair 44.png, Fireside Chair 45.png, Fireside Chair 46.png, Fireside Chair 47.png, Fireside Chair 48.png, Fireside Chair 49.png, Fireside Chair 5.png, Fireside Chair 50.png, Fireside Chair 51.png, Fireside Chair 52.png, Fireside Chair 53.png, Fireside Chair 54.png, Fireside Chair 55.png, Fireside Chair 56.png, Fireside Chair 57.png, Fireside Chair 58.png, Fireside Chair 59.png, Fireside Chair 6.png, Fireside Chair 7.jpg, Fireside Chair 8.png, Fireside Chair 9.jpg"
Fireside Leather Chair,1180.00,"Fireside Leather Chair 1.jpg, Fireside Leather Chair 10.jpg, Fireside Leather Chair 100.jpg, Fireside Leather Chair 101.jpg, Fireside Leather Chair 102.jpg, Fireside Leather Chair 103.jpg, Fireside Leather Chair 104.jpg, Fireside Leather Chair 11.jpg, Fireside Leather Chair 12.jpg, Fireside Leather Chair 13.jpg, Fireside Leather Chair 14.jpg, Fireside Leather Chair 15.jpg, Fireside Leather Chair 16.jpg, Fireside Leather Chair 17.jpg, Fireside Leather Chair 18.jpg, Fireside Leather Chair 19.jpg, Fireside Leather Chair 2.jpg, Fireside Leather Chair 20.jpg, Fireside Leather Chair 21.jpg, Fireside Leather Chair 22.jpg, Fireside Leather Chair 23.jpg, Fireside Leather Chair 24.jpg, Fireside Leather Chair 25.jpg, Fireside Leather Chair 26.jpg, Fireside Leather Chair 27.jpg, Fireside Leather Chair 28.jpg, Fireside Leather Chair 29.jpg, Fireside Leather Chair 3.jpg, Fireside Leather Chair 30.jpg, Fireside Leather Chair 31.jpg, Fireside Leather Chair 32.jpg, Fireside Leather Chair 33.jpg, Fireside Leather Chair 34.jpg, Fireside Leather Chair 35.jpg, Fireside Leather Chair 36.jpg, Fireside Leather Chair 37.jpg, Fireside Leather Chair 38.jpg, Fireside Leather Chair 39.jpg, Fireside Leather Chair 4.jpg, Fireside Leather Chair 40.jpg, Fireside Leather Chair 41.jpg, Fireside Leather Chair 42.jpg, Fireside Leather Chair 43.jpg, Fireside Leather Chair 44.jpg, Fireside Leather Chair 45.jpg, Fireside Leather Chair 46.jpg, Fireside Leather Chair 47.jpg, Fireside Leather Chair 48.jpg, Fireside Leather Chair 49.jpg, Fireside Leather Chair 5.jpg, Fireside Leather Chair 50.jpg, Fireside Leather Chair 51.jpg, Fireside Leather Chair 52.jpg, Fireside Leather Chair 53.jpg, Fireside Leather Chair 54.jpg, Fireside Leather Chair 55.jpg, Fireside Leather Chair 56.jpg, Fireside Leather Chair 57.jpg, Fireside Leather Chair 58.jpg, Fireside Leather Chair 59.jpg, Fireside Leather Chair 6.jpg, Fireside Leather Chair 60.jpg, Fireside Leather Chair 61.jpg, Fireside Leather Chair 62.jpg, Fireside Leather Chair 63.jpg, Fireside Leather Chair 64.jpg, Fireside Leather Chair 65.jpg, Fireside Leather Chair 66.jpg, Fireside Leather Chair 67.jpg, Fireside Leather Chair 68.jpg, Fireside Leather Chair 69.jpg, Fireside Leather Chair 7.jpg, Fireside Leather Chair 70.jpg, Fireside Leather Chair 71.jpg, Fireside Leather Chair 72.jpg, Fireside Leather Chair 73.jpg, Fireside Leather Chair 74.jpg, Fireside Leather Chair 75.jpg, Fireside Leather Chair 76.jpg, Fireside Leather Chair 77.jpg, Fireside Leather Chair 78.jpg, Fireside Leather Chair 79.jpg, Fireside Leather Chair 8.jpg, Fireside Leather Chair 80.jpg, Fireside Leather Chair 81.jpg, Fireside Leather Chair 82.jpg, Fireside Leather Chair 83.jpg, Fireside Leather Chair 84.jpg, Fireside Leather Chair 85.jpg, Fireside Leather Chair 86.jpg, Fireside Leather Chair 87.jpg, Fireside Leather Chair 88.jpg, Fireside Leather Chair 89.jpg, Fireside Leather Chair 9.jpg, Fireside Leather Chair 90.jpg, Fireside Leather Chair 91.jpg, Fireside Leather Chair 92.jpg, Fireside Leather Chair 93.jpg, Fireside Leather Chair 94.jpg, Fireside Leather Chair 95.jpg, Fireside Leather Chair 96.jpg, Fireside Leather Chair 97.jpg, Fireside Leather Chair 98.jpg, Fireside Leather Chair 99.jpg"
Floor Lamp,249.00,"Floor Lamp 1.jpg, Floor Lamp 2.jpg, Floor Lamp 3.jpg, Floor Lamp 4.jpg"
Flow Coffee Table,350.00,"Flow Coffee Table 1.jpg, Flow Coffee Table 2.jpg, Flow Coffee Table 3.jpg"
Fonte Side Table,789.00,"Fonte Side Table 1.jpg, Fonte Side Table 2.jpg, Fonte Side Table 3.jpg"
Forma Modular Sofa,990.00,"Forma Modular Sofa 1.jpg, Forma Modular Sofa 10.jpg, Forma Modular Sofa 11.jpg, Forma Modular Sofa 12.jpg, Forma Modular Sofa 2.jpg, Forma Modular Sofa 3.jpg, Forma Modular Sofa 4.jpg, Forma Modular Sofa 5.jpg, Forma Modular Sofa 6.jpg, Forma Modular Sofa 7.jpg, Forma Modular Sofa 8.jpg, Forma Modular Sofa 9.jpg"
Fortune Cookie Stool,245.00,"Fortune Cookie Stool 1.jpg, Fortune Cookie Stool 2.jpg, Fortune Cookie Stool 3.jpg, Fortune Cookie Stool 4.jpg, Fortune Cookie Stool 5.jpg, Fortune Cookie Stool 6.jpg"
Free Form Coffee Table,1350.00,"Free Form Coffee Table 1.jpg, Free Form Coffee Table 2.jpg, Free Form Coffee Table 3.jpg"
Free Form Side Table,455.00,Free Form Side Table 1.jpg
Full Length Arch Mirror,145.00,"Full Length Arch Mirror 1.jpg, Full Length Arch Mirror 2.jpg, Full Length Arch Mirror 3.jpg"
Galerie Armchair,165.00,"Galerie Armchair 1.jpg, Galerie Armchair 2.jpg"
Grove Outdoor Set,235.00,"Grove Outdoor Set 1.jpg, Grove Outdoor Set 2.jpg"
Haiku Stool,145.00,"Haiku Stool 1.jpg, Haiku Stool 2.jpg, Haiku Stool 3.jpg, Haiku Stool 4.jpg"
Halo Armchair,850.00,"Halo Armchair 1.jpg, Halo Armchair 10.png, Halo Armchair 11.png, Halo Armchair 12.png, Halo Armchair 2.png, Halo Armchair 3.png, Halo Armchair 4.png, Halo Armchair 5.png, Halo Armchair 6.png, Halo Armchair 7.png, Halo Armchair 8.png, Halo Armchair 9.png"
Halyard Chair,1265.00,"Halyard Chair 1.jpg, Halyard Chair 2.jpg, Halyard Chair 3.jpg"
Hangar Grain Leather Sofa,3850.00,"Hangar Grain Leather Sofa 1.jpg, Hangar Grain Leather Sofa 2.jpg, Hangar Grain Leather Sofa 3.jpg"
Heidi Sofa Chair,185.00,Heidi Sofa Chair 1.jpg
High Line Bed Frame,995.00,"High Line Bed Frame 1.jpg, High Line Bed Frame 2.jpg, High Line Bed Frame 3.jpg, High Line Bed Frame 4.jpg, High Line Bed Frame 5.jpg"
Hugo Burl Wood Desk,1890.00,"Hugo Burl Wood Desk 1.jpg, Hugo Burl Wood Desk 2.jpg, Hugo Burl Wood Desk 3.jpg"
Hygge Bench,595.00,"Hygge Bench 1.jpg, Hygge Bench 2.jpg"
Industry Coffee Table,345.00,"Industry Coffee Table 1.jpg, Industry Coffee Table 2.jpg"
Isola Travertine Console,940.00,Isola Travertine Console 1.jpg
Jahn Chair,895.00,"Jahn Chair 1.jpg, Jahn Chair 10.jpg, Jahn Chair 11.jpg, Jahn Chair 2.jpg, Jahn Chair 3.jpg, Jahn Chair 4.jpg, Jahn Chair 5.jpg, Jahn Chair 6.jpg, Jahn Chair 7.jpg, Jahn Chair 8.jpg, Jahn Chair 9.jpg"
Jeanneret Bench,585.00,"Jeanneret Bench 1.jpg, Jeanneret Bench 2.jpg, Jeanneret Bench 3.jpg"
Jeanneret Chair,595.00,"Jeanneret Chair 1.jpg, Jeanneret Chair 2.jpg, Jeanneret Chair 3.jpg"
Kandinsky Chair,595.00,Kandinsky Chair 1.jpg
Kanso Nightstand,495.00,"Kanso Nightstand 1.jpg, Kanso Nightstand 2.jpg"
Keystone Side Table,195.00,"Keystone Side Table 1.jpg, Keystone Side Table 2.jpg, Keystone Side Table 3.jpg, Keystone Side Table 4.jpg"
LC3 Armchair,995.00,LC3 Armchair 1.jpg
LC3 Sofa,1655.00,LC3 Sofa 1.jpg
Ladder Bookshelf,175.00,"Ladder Bookshelf 1.jpg, Ladder Bookshelf 2.jpg, Ladder Bookshelf 3.jpg, Ladder Bookshelf 4.jpg, Ladder Bookshelf 5.jpg, Ladder Bookshelf 6.jpg"
Ladder Desk,115.00,"Ladder Desk 1.jpg, Ladder Desk 2.jpg"
Lago Sofa,1195.00,Lago Sofa 1.jpg
Leather Campaign Chair,895.00,"Leather Campaign Chair 1.jpg, Leather Campaign Chair 2.png"
Leather Cuba Chair,595.00,"Leather Cuba Chair 1.jpg, Leather Cuba Chair 2.jpg, Leather Cuba Chair 3.jpg"
Lind Bench,830.00,"Lind Bench 1.jpg, Lind Bench 2.jpg"
Lissoni Sofa,995.00,"Lissoni Sofa 1.jpg, Lissoni Sofa 10.jpg, Lissoni Sofa 11.jpg, Lissoni Sofa 12.jpg, Lissoni Sofa 2.jpg, Lissoni Sofa 3.jpg, Lissoni Sofa 4.jpg, Lissoni Sofa 5.jpg, Lissoni Sofa 6.jpg, Lissoni Sofa 7.jpg, Lissoni Sofa 8.jpg, Lissoni Sofa 9.jpg"
Loma Sectional Sofa,3240.00,"Loma Sectional Sofa 1.jpg, Loma Sectional Sofa 2.jpg, Loma Sectional Sofa 3.jpg"
Lounge Chair,795.00,"Lounge Chair 1.jpg, Lounge Chair 10.jpg, Lounge Chair 11.jpg, Lounge Chair 12.jpg, Lounge Chair 13.jpg, Lounge Chair 14.jpg, Lounge Chair 15.jpg, Lounge Chair 16.jpg, Lounge Chair 17.jpg, Lounge Chair 18.jpg, Lounge Chair 19.jpg, Lounge Chair 2.jpg, Lounge Chair 20.jpg, Lounge Chair 21.jpg, Lounge Chair 22.jpg, Lounge Chair 23.jpg, Lounge Chair 24.jpg, Lounge Chair 25.jpg, Lounge Chair 26.jpg, Lounge Chair 27.jpg, Lounge Chair 28.jpg, Lounge Chair 29.jpg, Lounge Chair 3.jpg, Lounge Chair 30.jpg, Lounge Chair 31.jpg, Lounge Chair 32.jpg, Lounge Chair 33.jpg, Lounge Chair 34.webp, Lounge Chair 35.webp, Lounge Chair 36.webp, Lounge Chair 37.webp, Lounge Chair 38.png, Lounge Chair 39.jpg, Lounge Chair 4.jpg, Lounge Chair 40.jpg, Lounge Chair 41.jpg, Lounge Chair 42.jpg, Lounge Chair 43.jpg, Lounge Chair 44.jpg, Lounge Chair 45.jpg, Lounge Chair 46.jpg, Lounge Chair 47.jpg, Lounge Chair 48.jpg, Lounge Chair 49.jpg, Lounge Chair 5.jpg, Lounge Chair 50.jpg, Lounge Chair 51.jpg, Lounge Chair 52.jpg, Lounge Chair 53.jpg, Lounge Chair 54.jpg, Lounge Chair 55.webp, Lounge Chair 6.jpg, Lounge Chair 7.jpg, Lounge Chair 8.jpg, Lounge Chair 9.jpg"
Low Profile Upholstered Bed Frame,895.00,"Low Profile Upholstered Bed Frame 1.jpg, Low Profile Upholstered Bed Frame 2.jpg, Low Profile Upholstered Bed Frame 3.jpg, Low Profile Upholstered Bed Frame 4.jpg, Low Profile Upholstered Bed Frame 5.jpg"
Low-Back Rattan Patio Set,88.00,"Low-Back Rattan Patio Set 1.jpg, Low-Back Rattan Patio Set 2.jpg, Low-Back Rattan Patio Set 3.jpg, Low-Back Rattan Patio Set 4.jpg"
Malmo Solid Oak Media Stand,495.00,"Malmo Solid Oak Media Stand 1.jpg, Malmo Solid Oak Media Stand 2.jpg, Malmo Solid Oak Media Stand 3.jpg, Malmo Solid Oak Media Stand 4.jpg, Malmo Solid Oak Media Stand 5.jpg, Malmo Solid Oak Media Stand 6.jpg"
Malmo Solid Oak Nightstand,195.00,"Malmo Solid Oak Nightstand 1.jpg, Malmo Solid Oak Nightstand 2.jpg"
Malouin Stool,249.00,"Malouin Stool 1.webp, Malouin Stool 2.webp, Malouin Stool 3.webp, Malouin Stool 4.webp, Malouin Stool 5.webp"
Marais Sofa,4150.00,Marais Sofa 1.jpg
Marble Pedestal Dining Table,995.00,"Marble Pedestal Dining Table 1.jpg, Marble Pedestal Dining Table 2.jpg"
Marcel Dining Chair Set,155.00,"Marcel Dining Chair Set 1.jpg, Marcel Dining Chair Set 2.jpg, Marcel Dining Chair Set 3.jpg, Marcel Dining Chair Set 4.jpg, Marcel Dining Chair Set 5.jpg, Marcel Dining Chair Set 6.jpg, Marcel Dining Chair Set 7.jpg, Marcel Dining Chair Set 8.jpg, Marcel Dining Chair Set 9.jpg"
Memphis Foldable Dining Chair,130.00,"Memphis Foldable Dining Chair 1.jpg, Memphis Foldable Dining Chair 2.jpg, Memphis Foldable Dining Chair 3.jpg, Memphis Foldable Dining Chair 4.jpg"
Midcentury Caned Rattan Chair,145.00,"Midcentury Caned Rattan Chair 1.jpg, Midcentury Caned Rattan Chair 2.jpg"
Milo Leather Swivel Chair,795.00,"Milo Leather Swivel Chair 1.jpg, Milo Leather Swivel Chair 10.jpg, Milo Leather Swivel Chair 11.jpg, Milo Leather Swivel Chair 12.jpg, Milo Leather Swivel Chair 13.jpg, Milo Leather Swivel Chair 14.jpg, Milo Leather Swivel Chair 15.jpg, Milo Leather Swivel Chair 16.jpg, Milo Leather Swivel Chair 17.jpg, Milo Leather Swivel Chair 2.jpg, Milo Leather Swivel Chair 3.jpg, Milo Leather Swivel Chair 4.jpg, Milo Leather Swivel Chair 5.jpg, Milo Leather Swivel Chair 6.jpg, Milo Leather Swivel Chair 7.jpg, Milo Leather Swivel Chair 8.jpg, Milo Leather Swivel Chair 9.jpg"
Modular Patio Set,555.00,"Modular Patio Set 1.jpg, Modular Patio Set 10.jpg, Modular Patio Set 11.jpg, Modular Patio Set 12.jpg, Modular Patio Set 13.jpg, Modular Patio Set 14.jpg, Modular Patio Set 15.jpg, Modular Patio Set 16.jpg, Modular Patio Set 17.jpg, Modular Patio Set 18.jpg, Modular Patio Set 19.jpg, Modular Patio Set 2.jpg, Modular Patio Set 20.jpg, Modular Patio Set 21.jpg, Modular Patio Set 22.jpg, Modular Patio Set 23.jpg, Modular Patio Set 24.jpg, Modular Patio Set 25.jpg, Modular Patio Set 26.jpg, Modular Patio Set 27.jpg, Modular Patio Set 28.jpg, Modular Patio Set 29.jpg, Modular Patio Set 3.jpg, Modular Patio Set 30.jpg, Modular Patio Set 31.jpg, Modular Patio Set 32.jpg, Modular Patio Set 33.jpg, Modular Patio Set 34.jpg, Modular Patio Set 35.jpg, Modular Patio Set 36.jpg, Modular Patio Set 37.jpg, Modular Patio Set 38.jpg, Modular Patio Set 39.jpg, Modular Patio Set 4.jpg, Modular Patio Set 40.jpg, Modular Patio Set 41.jpg, Modular Patio Set 42.jpg, Modular Patio Set 43.jpg, Modular Patio Set 44.jpg, Modular Patio Set 45.jpg, Modular Patio Set 46.jpg, Modular Patio Set 47.jpg, Modular Patio Set 48.jpg, Modular Patio Set 49.jpg, Modular Patio Set 5.jpg, Modular Patio Set 50.jpg, Modular Patio Set 51.jpg, Modular Patio Set 52.jpg, Modular Patio Set 53.jpg, Modular Patio Set 54.jpg, Modular Patio Set 55.jpg, Modular Patio Set 56.jpg, Modular Patio Set 57.jpg, Modular Patio Set 6.jpg, Modular Patio Set 7.jpg, Modular Patio Set 8.jpg, Modular Patio Set 9.jpg"
Modular Whiteboard,245.00,"Modular Whiteboard 1.jpg, Modular Whiteboard 2.jpg"
Moku Stackable Stool,120.00,"Moku Stackable Stool 1.jpg, Moku Stackable Stool 10.jpg, Moku Stackable Stool 11.jpg, Moku Stackable Stool 12.jpg, Moku Stackable Stool 13.jpg, Moku Stackable Stool 14.jpg, Moku Stackable Stool 15.jpg, Moku Stackable Stool 16.jpg, Moku Stackable Stool 17.jpg, Moku Stackable Stool 18.jpg, Moku Stackable Stool 2.jpg, Moku Stackable Stool 3.jpg, Moku Stackable Stool 4.jpg, Moku Stackable Stool 5.jpg, Moku Stackable Stool 6.jpg, Moku Stackable Stool 7.jpg, Moku Stackable Stool 8.jpg, Moku Stackable Stool 9.jpg"
Moma Dining Chair Set,175.00,"Moma Dining Chair Set 1.jpg, Moma Dining Chair Set 2.jpg, Moma Dining Chair Set 3.jpg"
Momen Modular Sofa,1850.00,"Momen Modular Sofa 1.jpg, Momen Modular Sofa 2.jpg"
Monolith Side Table,168.00,"Monolith Side Table 1.jpg, Monolith Side Table 2.jpg, Monolith Side Table 3.jpg"
Moray Side Table,395.00,"Moray Side Table 1.jpg, Moray Side Table 2.jpg, Moray Side Table 3.jpg, Moray Side Table 4.jpg, Moray Side Table 5.jpg"
Moro Armchair,1045.00,Moro Armchair 1.jpg
Mossi Marble Side Table,745.00,Mossi Marble Side Table 1.jpg
Muse Chair,675.00,"Muse Chair 1.png, Muse Chair 10.png, Muse Chair 11.png, Muse Chair 12.png, Muse Chair 13.png, Muse Chair 14.png, Muse Chair 15.png, Muse Chair 16.png, Muse Chair 17.png, Muse Chair 18.png, Muse Chair 19.png, Muse Chair 2.jpg, Muse Chair 20.png, Muse Chair 21.png, Muse Chair 22.png, Muse Chair 3.jpg, Muse Chair 4.jpg, Muse Chair 5.png, Muse Chair 6.png, Muse Chair 7.png, Muse Chair 8.png, Muse Chair 9.png"
Nest Chair,945.00,"Nest Chair 1.jpg, Nest Chair 10.png, Nest Chair 11.png, Nest Chair 12.png, Nest Chair 13.png, Nest Chair 14.png, Nest Chair 15.png, Nest Chair 16.png, Nest Chair 17.png, Nest Chair 18.png, Nest Chair 19.png, Nest Chair 2.jpg, Nest Chair 3.jpg, Nest Chair 4.jpg, Nest Chair 5.jpg, Nest Chair 6.png, Nest Chair 7.png, Nest Chair 8.png, Nest Chair 9.png"
Noguchi Coffee Table,715.00,"Noguchi Coffee Table 1.jpg, Noguchi Coffee Table 2.jpg, Noguchi Coffee Table 3.jpg, Noguchi Coffee Table 4.jpg, Noguchi Coffee Table 5.jpg, Noguchi Coffee Table 6.jpg, Noguchi Coffee Table 7.jpg"
Nook Pouf,235.00,"Nook Pouf 1.jpg, Nook Pouf 2.jpg, Nook Pouf 3.jpg, Nook Pouf 4.jpg"
Oak Buffet,475.00,Oak Buffet 1.jpg
Observatory Chair,125.00,"Observatory Chair 1.jpg, Observatory Chair 2.jpg, Observatory Chair 3.jpg, Observatory Chair 4.jpg"
Omuta Nightstand,95.00,"Omuta Nightstand 1.jpg, Omuta Nightstand 2.jpg"
On The Rocks Sofa,2150.00,"On The Rocks Sofa 1.jpg, On The Rocks Sofa 10.jpg, On The Rocks Sofa 11.jpg, On The Rocks Sofa 12.jpg, On The Rocks Sofa 13.jpg, On The Rocks Sofa 14.jpg, On The Rocks Sofa 15.jpg, On The Rocks Sofa 16.jpg, On The Rocks Sofa 17.jpg, On The Rocks Sofa 18.jpg, On The Rocks Sofa 19.jpg, On The Rocks Sofa 2.jpg, On The Rocks Sofa 20.jpg, On The Rocks Sofa 21.jpg, On The Rocks Sofa 22.jpg, On The Rocks Sofa 23.jpg, On The Rocks Sofa 24.jpg, On The Rocks Sofa 3.jpg, On The Rocks Sofa 4.jpg, On The Rocks Sofa 5.jpg, On The Rocks Sofa 6.jpg, On The Rocks Sofa 7.jpg, On The Rocks Sofa 8.jpg, On The Rocks Sofa 9.jpg"
Onda Sofa,3260.00,"Onda Sofa 1.jpg, Onda Sofa 2.jpg, Onda Sofa 3.jpg"
Onyx Sideboard,195.00,"Onyx Sideboard 1.jpg, Onyx Sideboard 2.jpg, Onyx Sideboard 3.jpg, Onyx Sideboard 4.jpg, Onyx Sideboard 5.jpg, Onyx Sideboard 6.jpg, Onyx Sideboard 7.jpg"
Orb Column Lamp,350.00,"Orb Column Lamp 1.jpg, Orb Column Lamp 2.jpg, Orb Column Lamp 3.jpg, Orb Column Lamp 4.jpg"
Origami Side Table,245.00,"Origami Side Table 1.jpg, Origami Side Table 2.jpg, Origami Side Table 3.jpg"
Oslo Solid Wood Desk,295.00,"Oslo Solid Wood Desk 1.jpg, Oslo Solid Wood Desk 2.jpg, Oslo Solid Wood Desk 3.jpg, Oslo Solid Wood Desk 4.jpg"
Otta Stool,95.00,"Otta Stool 1.jpg, Otta Stool 2.jpg, Otta Stool 3.jpg, Otta Stool 4.jpg, Otta Stool 5.jpg, Otta Stool 6.jpg, Otta Stool 7.jpg"
Patina Vintage Leather Office Chair,525.00,"Patina Vintage Leather Office Chair 1.jpg, Patina Vintage Leather Office Chair 2.jpg"
Pebble Chair,875.00,Pebble Chair 1.png
Pebble Modular Sofa,4750.00,Pebble Modular Sofa 1.jpg
Pedestal Side Table,155.00,"Pedestal Side Table 1.jpg, Pedestal Side Table 2.jpg, Pedestal Side Table 3.jpg"
Pienza Modular Sofa,2100.00,"Pienza Modular Sofa 1.jpg, Pienza Modular Sofa 2.jpg"
Pietra Travertine Side Table,625.00,"Pietra Travertine Side Table 1.jpg, Pietra Travertine Side Table 2.jpg, Pietra Travertine Side Table 3.jpg, Pietra Travertine Side Table 4.jpg, Pietra Travertine Side Table 5.jpg, Pietra Travertine Side Table 6.jpg, Pietra Travertine Side Table 7.jpg, Pietra Travertine Side Table 8.jpg"
Pillar Armchair,1320.00,"Pillar Armchair 1.jpg, Pillar Armchair 2.jpg"
Pilot Leather Armchair,1055.00,"Pilot Leather Armchair 1.jpg, Pilot Leather Armchair 2.jpg, Pilot Leather Armchair 3.jpg"
Pilotis Side Table,675.00,"Pilotis Side Table 1.jpg, Pilotis Side Table 2.jpg, Pilotis Side Table 3.jpg"
Pipe Chair,825.00,"Pipe Chair 1.jpg, Pipe Chair 2.png, Pipe Chair 3.png, Pipe Chair 4.png, Pipe Chair 5.png, Pipe Chair 6.png, Pipe Chair 7.png"
Pirouette Chest of Drawers,1789.00,"Pirouette Chest of Drawers 1.jpg, Pirouette Chest of Drawers 2.jpg, Pirouette Chest of Drawers 3.jpg"
Plywood Chair,175.00,"Plywood Chair 1.jpg, Plywood Chair 2.jpg, Plywood Chair 3.jpg, Plywood Chair 4.jpg"
Porter Armchair,295.00,"Porter Armchair 1.jpg, Porter Armchair 2.jpg, Porter Armchair 3.jpg, Porter Armchair 4.jpg, Porter Armchair 5.jpg"
Porto Rattan Dining Chair Set,275.00,"Porto Rattan Dining Chair Set 1.jpg, Porto Rattan Dining Chair Set 2.jpg, Porto Rattan Dining Chair Set 3.jpg, Porto Rattan Dining Chair Set 4.jpg, Porto Rattan Dining Chair Set 5.jpg"
Prouvé Wall Shelf,395.00,"Prouvé Wall Shelf 1.jpg, Prouvé Wall Shelf 2.jpg, Prouvé Wall Shelf 3.jpg, Prouvé Wall Shelf 4.jpg, Prouvé Wall Shelf 5.jpg, Prouvé Wall Shelf 6.jpg, Prouvé Wall Shelf 7.jpg, Prouvé Wall Shelf 8.jpg"
Puffin Chair,805.00,"Puffin Chair 1.png, Puffin Chair 10.png, Puffin Chair 11.png, Puffin Chair 2.png, Puffin Chair 3.png, Puffin Chair 4.png, Puffin Chair 5.png, Puffin Chair 6.png, Puffin Chair 7.png, Puffin Chair 8.png, Puffin Chair 9.png"
Rattan Woven Bed Frame,1549.00,"Rattan Woven Bed Frame 1.jpg, Rattan Woven Bed Frame 2.png, Rattan Woven Bed Frame 3.png, Rattan Woven Bed Frame 4.png"
Ray Task Chair,325.00,"Ray Task Chair 1.jpg, Ray Task Chair 10.jpg, Ray Task Chair 11.jpg, Ray Task Chair 12.jpg, Ray Task Chair 13.jpg, Ray Task Chair 14.jpg, Ray Task Chair 15.jpg, Ray Task Chair 16.jpg, Ray Task Chair 17.jpg, Ray Task Chair 18.jpg, Ray Task Chair 19.jpg, Ray Task Chair 2.jpg, Ray Task Chair 20.jpg, Ray Task Chair 21.jpg, Ray Task Chair 3.jpg, Ray Task Chair 4.jpg, Ray Task Chair 5.jpg, Ray Task Chair 6.jpg, Ray Task Chair 7.jpg, Ray Task Chair 8.jpg, Ray Task Chair 9.jpg"
Rayas Acacia Wood Patio Dining Set,445.00,"Rayas Acacia Wood Patio Dining Set 1.jpg, Rayas Acacia Wood Patio Dining Set 2.jpg, Rayas Acacia Wood Patio Dining Set 3.jpg, Rayas Acacia Wood Patio Dining Set 4.jpg, Rayas Acacia Wood Patio Dining Set 5.jpg"
Rise Desk,1835.00,Rise Desk 1.jpg
Root Side Table,168.00,"Root Side Table 1.jpg, Root Side Table 2.jpg, Root Side Table 3.jpg"
Rune Chair,350.00,"Rune Chair 1.jpg, Rune Chair 2.png, Rune Chair 3.png"
Rutrick Desk,1025.00,"Rutrick Desk 1.webp, Rutrick Desk 2.webp"
Sabbia Travertine Coffee Table,1610.00,Sabbia Travertine Coffee Table 1.jpg
Sabbia Travertine Side Table,765.00,Sabbia Travertine Side Table 1.jpg
Sadel Bench,980.00,"Sadel Bench 1.jpg, Sadel Bench 2.jpg"
Saint Germain Sofa,2750.00,"Saint Germain Sofa 1.jpg, Saint Germain Sofa 2.jpg, Saint Germain Sofa 3.jpg"
Scallop Rotating Bookshelf,150.00,"Scallop Rotating Bookshelf 1.jpg, Scallop Rotating Bookshelf 2.jpg"
Scandi Clock,65.00,"Scandi Clock 1.jpg, Scandi Clock 2.jpg, Scandi Clock 3.jpg"
Sedra Armchair,1450.00,Sedra Armchair 1.jpg
Sedra Sofa,3450.00,Sedra Sofa 1.jpg
Sequoia Pouf,265.00,"Sequoia Pouf 1.jpg, Sequoia Pouf 2.jpg, Sequoia Pouf 3.jpg"
Sesann Sofa,1750.00,Sesann Sofa 1.jpg
ShapeShift Solid Wood Modular Shelving,590.00,"ShapeShift Solid Wood Modular Shelving 1.jpg, ShapeShift Solid Wood Modular Shelving 10.jpg, ShapeShift Solid Wood Modular Shelving 11.jpg, ShapeShift Solid Wood Modular Shelving 12.jpg, ShapeShift Solid Wood Modular Shelving 13.jpg, ShapeShift Solid Wood Modular Shelving 14.jpg, ShapeShift Solid Wood Modular Shelving 15.jpg, ShapeShift Solid Wood Modular Shelving 16.jpg, ShapeShift Solid Wood Modular Shelving 17.jpg, ShapeShift Solid Wood Modular Shelving 18.jpg, ShapeShift Solid Wood Modular Shelving 19.jpg, ShapeShift Solid Wood Modular Shelving 2.webp, ShapeShift Solid Wood Modular Shelving 20.jpg, ShapeShift Solid Wood Modular Shelving 21.jpg, ShapeShift Solid Wood Modular Shelving 22.jpg, ShapeShift Solid Wood Modular Shelving 3.jpg, ShapeShift Solid Wood Modular Shelving 4.jpg, ShapeShift Solid Wood Modular Shelving 5.jpg, ShapeShift Solid Wood Modular Shelving 6.jpg, ShapeShift Solid Wood Modular Shelving 7.jpg, ShapeShift Solid Wood Modular Shelving 8.jpg, ShapeShift Solid Wood Modular Shelving 9.jpg"
Shelly Sherpa Chair Set,475.00,"Shelly Sherpa Chair Set 1.jpg, Shelly Sherpa Chair Set 2.jpg, Shelly Sherpa Chair Set 3.jpg"
Sherpa Chair,920.00,"Sherpa Chair 1.jpg, Sherpa Chair 10.png, Sherpa Chair 11.png, Sherpa Chair 12.png, Sherpa Chair 13.png, Sherpa Chair 14.png, Sherpa Chair 15.png, Sherpa Chair 16.png, Sherpa Chair 17.png, Sherpa Chair 18.png, Sherpa Chair 19.png, Sherpa Chair 2.jpg, Sherpa Chair 20.png, Sherpa Chair 21.png, Sherpa Chair 22.png, Sherpa Chair 3.jpg, Sherpa Chair 4.png, Sherpa Chair 5.png, Sherpa Chair 6.png, Sherpa Chair 7.png, Sherpa Chair 8.png, Sherpa Chair 9.png"
Shibari Chair,585.00,"Shibari Chair 1.jpg, Shibari Chair 2.jpg"
Shift Rotating Bookshelf,175.00,"Shift Rotating Bookshelf 1.jpg, Shift Rotating Bookshelf 2.jpg"
Shiftcart Rolling Chest,180.00,Shiftcart Rolling Chest 1.jpg
Shou Sugi Ban Side Table,835.00,Shou Sugi Ban Side Table 1.jpg
Shou Sugi Charred Wood Block Table,555.00,"Shou Sugi Charred Wood Block Table 1.jpg, Shou Sugi Charred Wood Block Table 2.jpg, Shou Sugi Charred Wood Block Table 3.jpg, Shou Sugi Charred Wood Block Table 4.jpg"
Side Chair,495.00,"Side Chair 1.jpg, Side Chair 2.jpg, Side Chair 3.jpg, Side Chair 4.jpg, Side Chair 5.jpg, Side Chair 6.jpg, Side Chair 7.jpg, Side Chair 8.jpg, Side Chair 9.jpg"
Silla Chair,475.00,Silla Chair 1.jpg
Sinus Lounge Chair,1550.00,"Sinus Lounge Chair 1.jpg, Sinus Lounge Chair 2.jpg"
Solid Acacia Patio Club Chair,285.00,"Solid Acacia Patio Club Chair 1.jpg, Solid Acacia Patio Club Chair 2.jpg, Solid Acacia Patio Club Chair 3.jpg"
Solid Wood Counter Stool Set,255.00,"Solid Wood Counter Stool Set 1.jpg, Solid Wood Counter Stool Set 2.jpg"
Solid Wood Patio Dining Set,655.00,"Solid Wood Patio Dining Set 1.jpg, Solid Wood Patio Dining Set 2.jpg, Solid Wood Patio Dining Set 3.jpg, Solid Wood Patio Dining Set 4.jpg, Solid Wood Patio Dining Set 5.jpg, Solid Wood Patio Dining Set 6.jpg, Solid Wood Patio Dining Set 7.jpg"
Solvi Woven Rockers,245.00,Solvi Woven Rockers 1.jpg
Soriana Chair,1115.00,Soriana Chair 1.jpg
Spine Bookcase,195.00,"Spine Bookcase 1.jpg, Spine Bookcase 2.jpg, Spine Bookcase 3.jpg, Spine Bookcase 4.jpg, Spine Bookcase 5.jpg"
Squiggle Chair/Table,1225.00,"Squiggle ChairTable 1.jpg, Squiggle ChairTable 2.jpg, Squiggle ChairTable 3.jpg, Squiggle ChairTable 4.jpg, Squiggle ChairTable 5.jpg, Squiggle ChairTable 6.jpg"
Standing Desk,475.00,"Standing Desk 1.jpg, Standing Desk 2.webp, Standing Desk 3.jpg, Standing Desk 4.jpg, Standing Desk 5.webp"
Strand Woven Outdoor Set,245.00,Strand Woven Outdoor Set 1.jpg
Tatzelwurm Sofa,16500.00,Tatzelwurm Sofa 1.jpg
Tectonic Coffee Table,2155.00,Tectonic Coffee Table 1.jpg
Teorema Rotating Drawers,1895.00,"Teorema Rotating Drawers 1.jpg, Teorema Rotating Drawers 2.jpg"
Terminal Chair,1320.00,"Terminal Chair 1.jpg, Terminal Chair 10.png, Terminal Chair 11.png, Terminal Chair 12.png, Terminal Chair 13.png, Terminal Chair 2.png, Terminal Chair 3.png, Terminal Chair 4.png, Terminal Chair 5.png, Terminal Chair 6.png, Terminal Chair 7.png, Terminal Chair 8.png, Terminal Chair 9.png"
Terrace Wood Bistro Set,130.00,"Terrace Wood Bistro Set 1.jpg, Terrace Wood Bistro Set 2.jpg"
Terrazza Sofa,2995.00,Terrazza Sofa 1.jpg
Tetra Rotating Bookshelf,115.00,"Tetra Rotating Bookshelf 1.jpg, Tetra Rotating Bookshelf 2.jpg, Tetra Rotating Bookshelf 3.jpg, Tetra Rotating Bookshelf 4.jpg, Tetra Rotating Bookshelf 5.jpg, Tetra Rotating Bookshelf 6.jpg, Tetra Rotating Bookshelf 7.jpg, Tetra Rotating Bookshelf 8.jpg, Tetra Rotating Bookshelf 9.jpg"
Tippe Accent Chair,285.00,"Tippe Accent Chair 1.jpg, Tippe Accent Chair 2.jpg, Tippe Accent Chair 3.jpg, Tippe Accent Chair 4.jpg, Tippe Accent Chair 5.jpg, Tippe Accent Chair 6.jpg"
Tonda Leather Sofa,4765.00,Tonda Leather Sofa 1.webp
Tonda Sofa,3495.00,Tonda Sofa 1.jpg
Tor Dining Table,995.00,"Tor Dining Table 1.jpg, Tor Dining Table 2.jpg, Tor Dining Table 3.jpg, Tor Dining Table 4.jpg"
Toscanella Chair,495.00,"Toscanella Chair 1.jpg, Toscanella Chair 2.jpg"
Toscanella Side Table,895.00,Toscanella Side Table 1.jpg
Totem Side Table,565.00,Totem Side Table 1.jpg
Tratto Travertine Side Table,555.00,"Tratto Travertine Side Table 1.jpg, Tratto Travertine Side Table 2.jpg, Tratto Travertine Side Table 3.jpg, Tratto Travertine Side Table 4.jpg"
Turned Form Stool,275.00,"Turned Form Stool 1.jpg, Turned Form Stool 2.jpg"
Two-Tier Side Table,125.00,"Two-Tier Side Table 1.jpg, Two-Tier Side Table 2.jpg"
Utility Step Stool,48.00,"Utility Step Stool 1.jpg, Utility Step Stool 2.jpg"
Vesper Chair,820.00,"Vesper Chair 1.png, Vesper Chair 10.png, Vesper Chair 11.png, Vesper Chair 12.png, Vesper Chair 13.png, Vesper Chair 2.png, Vesper Chair 3.png, Vesper Chair 4.png, Vesper Chair 5.png, Vesper Chair 6.png, Vesper Chair 7.png, Vesper Chair 8.png, Vesper Chair 9.png"
Vessel Side Table,168.00,"Vessel Side Table 1.jpg, Vessel Side Table 2.jpg, Vessel Side Table 3.jpg"
Waterfall Side Table,95.00,"Waterfall Side Table 1.jpg, Waterfall Side Table 2.jpg"
Wave Outdoor Lounger,135.00,Wave Outdoor Lounger 1.jpg
Wave Table,355.00,"Wave Table 1.jpg, Wave Table 2.jpg, Wave Table 3.jpg"
Wiggle Chair,595.00,"Wiggle Chair 1.jpg, Wiggle Chair 2.jpg"
Wishbone Chair,255.00,"Wishbone Chair 1.jpg, Wishbone Chair 10.jpg, Wishbone Chair 11.jpg, Wishbone Chair 12.jpg, Wishbone Chair 13.jpg, Wishbone Chair 14.jpg, Wishbone Chair 15.jpg, Wishbone Chair 16.jpg, Wishbone Chair 17.jpg, Wishbone Chair 18.jpg, Wishbone Chair 19.jpg, Wishbone Chair 2.jpg, Wishbone Chair 20.jpg, Wishbone Chair 3.jpg, Wishbone Chair 4.jpg, Wishbone Chair 5.jpg, Wishbone Chair 6.jpg, Wishbone Chair 7.jpg, Wishbone Chair 8.jpg, Wishbone Chair 9.jpg"
Womb Chair,1195.00,"Womb Chair 1.jpg, Womb Chair 10.png, Womb Chair 11.png, Womb Chair 12.png, Womb Chair 13.png, Womb Chair 14.png, Womb Chair 15.png, Womb Chair 16.png, Womb Chair 2.jpg, Womb Chair 3.jpg, Womb Chair 4.jpg, Womb Chair 5.jpg, Womb Chair 6.png, Womb Chair 7.png, Womb Chair 8.png, Womb Chair 9.png"
Zen Wire Dining Chair,69.00,Zen Wire Dining Chair 1.jpg
